ID,Phase_Module,Directive_Intent_Technical_Spec,Execution_Result_Deliverables,Completion_Percent,Status_Indicator
DIR-01,Part 01-02 Core Infrastructure,Express server initialization PostgreSQL schema EventBus bus and VTQI scope boundaries,Server DB schema Express routes and event bus deployed and verified,100%,🟢 COMPLETE
DIR-02,Part 03 Global Growth & SEO,Context Resolution Engine locale separation (en-US/CA fa-IR ar-SA) and GEO guards,Locale resolver anti-spam doorway filter and human handoffs operational,100%,🟢 COMPLETE
DIR-03,Part 04 Control Center & QA,Admin Control Center UTC formatting (+03:30 Tehran) secret redaction and Dual VQAA/TQAA,Control Center API Chief Agent chat adapter and multi-viewport tests deployed,100%,🟢 COMPLETE
DIR-04,Part 05 AI Coding Workers,AI Coding Worker adapters (CLINE OPENCODE) Class A-D risk execution gates,Coding agent adapter workspace locking and evidence verifier deployed,100%,🟢 COMPLETE
DIR-05,Part 06 Knowledge RAG,Vector search RAG embeddings generation semantic chunking and freshness tracking,RAG service benchmark tests and vector query pipeline deployed,100%,🟢 COMPLETE
DIR-06,Part 07 Task Graph Engine,DAG task dependency engine DLQ queue lease reclamation and 24/7 deadlock cleanup,Orchestration engine sub-5s lease reclamation and health monitor active,100%,🟢 COMPLETE
DIR-07,Part 08 Multi-Agent Architecture,Specialist Agent Registry bounded child delegation and structured cross-agent handoffs,Multi-agent service with 6 specialist agents and delegation gates active,100%,🟢 COMPLETE
DIR-08,Part 09 Zero-Trust Policy Engine,Default-Deny policy engine R0-R4 risk mapping JWT/API key scrubber and path traversal defense,Policy engine security guardian and secret redaction middleware deployed,100%,🟢 COMPLETE
DIR-09,Part 10 Runtime Resilience & DR,Structured logging component health probes incident command and safe mode activation,Resilience service incident command lifecycle and auto-recovery active,100%,🟢 COMPLETE
DIR-10,Part 11 Quality Engineering,Canonical Test Registry flaky test quarantine and Quality Scorecard release gates,Quality engineering service scorecard verifier and test registry active,100%,🟢 COMPLETE
DIR-11,Part 12 CEO Control Plane,Executive CEO dashboard cross-system state aggregation and break-glass emergency sessions,CEO control plane action preview and break-glass lifecycle active,100%,🟢 COMPLETE
DIR-12,Part 13 Integration Reconciliation,Inbound event contract validator idempotency deduplication bus and n8n/MCP state coherence,Integration reconciliation engine idempotency bus and coherence checks active,100%,🟢 COMPLETE
DIR-13,Part 14 Release Engineering,Release Candidate governance sub-2s rollback rehearsal and production promotion gates,Production release service rollback rehearsal and promotion gates active,100%,🟢 COMPLETE
DIR-14,Part 15 Data Architecture & DR,Data classification inventory zero-AI exposure guards for PII and backup restoration verification,Data architecture service PII isolation and restoration tests active,100%,🟢 COMPLETE
DIR-15,Part 16 Product Analytics & A/B,KPI dictionary privacy consent guard A/B testing framework and guardrail breach rollbacks,Product analytics engine experiment manager and insight generator active,100%,🟢 COMPLETE
DIR-16,Part 17 Global Growth Engine,Global growth engine international SEO metadata generator and RTL disclosure optimizer,Global growth service SEO metadata generator and growth analytics active,100%,🟢 COMPLETE
DIR-17,Part 18 Billing & Subscriptions,Provider-independent billing 5 canonical plan durations HMAC webhook security and reconciliation,Billing entitlement engine HMAC verifier dispute revoker and reconciliation active,100%,🟢 COMPLETE
DIR-18,Part 19 Mobile & Store Readiness,Web/PWA/Android/iOS Feature Parity Matrix ibo:// deep link router and store compliance,Mobile native delivery engine FCM token manager and store readiness active,100%,🟢 COMPLETE
DIR-19,Part 20 Autonomous OS & Chaos,Ecosystem convergence bounded autonomy L0-L3 chaos engineering and 206 test master audit,Autonomous operating system chaos exercises and master audit PASS,100%,🟢 COMPLETE
DIR-20,Part 20 Comprehensive Reports,Generate 4 comprehensive project directives reports and Google Sheets progress trackers,All 4 report files created and verified in /project_reports/,100%,🟢 COMPLETE
