شناسه,بخش_ماژول,خلاصه_دستور_و_هدف,نتایج_و_دستاوردهای_اجرا شده,درصد_پیشرفت,چراغ_وضعیت
DIR-01,فاز ۱ و ۲ - زیرساخت اصلی,راه‌اندازی سرور پایگاه داده و شبکه رویدادها,دیتابیس سیستم شبکه رویدادها و ساختار پایه آماده شد,100%,🟢 کامل شده
DIR-02,فاز ۳ - زبان‌ها و رشد جهانی,تشخیص هوشمند زبان و بهینه‌سازی محتوا برای گوگل,موتور تشخیص زبان و فیلتر پیام‌های تکراری فعال شد,100%,🟢 کامل شده
DIR-03,فاز ۴ - پنل مدیریت و بررسی ظاهر,ساخت مرکز کنترل ادمین و بررسی نمایش در همه گوشی‌ها,پنل ادمین ساعت تهران و تست نمایش متناسب پیاده شد,100%,🟢 کامل شده
DIR-04,فاز ۵ - برنامه‌نویس‌های هوشمند,اتصال کدرهای هوش مصنوعی با امنیت کامل,برنامه‌نویس خودکار و کنترل سطح دسترسی‌ها فعال شد,100%,🟢 کامل شده
DIR-05,فاز ۶ - کتابخانه هوشمند مستندات,ساخت سیستم جستجوی پیشرفته در اطلاعات پروژه,سیستم RAG و جستجوی هوشمند در فایل‌ها پیاده شد,100%,🟢 کامل شده
DIR-06,فاز ۷ - مدیریت صف و عدم هنگ,انجام منظم کارها و آزادکننده خودکار سیستم قفل‌شده,موتور مدیریت صف و جلوگیری از قفل شدن فعال شد,100%,🟢 کامل شده
DIR-07,فاز ۸ - دستیاران هوشمند متخصص,ساخت ۶ دستیار هوشمند برای تقسیم کارهای تخصصی,۶ ایجنت متخصص و لایه همکاری گروهی پیاده گردید,100%,🟢 کامل شده
DIR-08,فاز ۹ - لایه امنیتی پیشرفته,جلوگیری از نفوذ و سانسور خودکار رمزها و کلیدها,موتور پالیسی امنیتی و سانسور توکن‌ها راه‌اندازی شد,100%,🟢 کامل شده
DIR-09,فاز ۱۰ - سیستم رفع خودکار اشکال,شناسایی خودکار خطاها و بازسازی سیستم در شرایط بحران,سیستم خودکار رفع خرابی و حالت ایمن پیاده شد,100%,🟢 کامل شده
DIR-10,فاز ۱۱ - کارنامه کیفیت و تست‌ها,اجرای تست‌های خودکار و صادر کردن مجوز انتشار,کارنامه کیفیت و تست‌های سلامت فعال شدند,100%,🟢 کامل شده
DIR-11,فاز ۱۲ - اتاق فرماندهی مدیرعامل,ساخت داشبورد مدیریتی عالی و جلسات اضطراری,داشبورد اجرایی CEO و مدیریت دسترسی ادمین فعال شد,100%,🟢 کامل شده
DIR-12,فاز ۱۳ - یکپارچه‌سازی و عدم تکرار,جلوگیری از پیام‌های تکراری و هماهنگی کامل بخش‌ها,موتور هماهنگ‌کننده و انطباق داده‌ها فعال شد,100%,🟢 کامل شده
DIR-13,فاز ۱۴ - انتشار نسخه و بازگشت سریع,توانایی بازگرداندن سیستم به نسخه قبل در زیر ۲ ثانیه,تمرین بازگشت خودکار انجام شد و نسخه آماده است,100%,🟢 کامل شده
DIR-14,فاز ۱۵ - امنیت داده‌ها و بک‌آپ,محافظت از داده‌های مالی و تست بازیابی فایل‌های پشتیبان,تست بازیابی اطلاعات و جداسازی داده‌های مالی انجام شد,100%,🟢 کامل شده
DIR-15,فاز ۱۶ - تحلیل رفتار کاربران,سنجش رضایت کاربران و آزمایش‌های هوشمند A/B,سیستم تحلیل رفتار و ارزیابی شاخص‌ها فعال شد,100%,🟢 کامل شده
DIR-16,فاز ۱۷ - سیستم رشد و سئو جهانی,تولید خودکار محتوای چندزبانه و نمایش عالی متون فارسی,بهینه‌سازی متون راست‌به‌چپ و موتور رشد فعال شد,100%,🟢 کامل شده
DIR-17,فاز ۱۸ - درگاه پرداخت و اشتراک‌ها,ساخت ۵ پلن اشتراک و حسابرسی هوشمند مالی,درگاه پرداخت تسویه خودکار و لغو تخلفات پیاده شد,100%,🟢 کامل شده
DIR-18,فاز ۱۹ - اپلیکیشن موبایل و مارکت‌ها,یکسان‌سازی امکانات در سایت و موبایل و ثبت در مارکت‌ها,نسخه موبایل دیپ‌لینک‌ها و آمادگی انتشار کامل شد,100%,🟢 کامل شده
DIR-19,فاز ۲۰ - سیستم‌عامل خودکار و نهایی,یکپارچه‌سازی کل سیستم تست‌های خرابکاری و ممیزی نهایی,کل ۲۰۶ تست با موفقیت ۱۰۰٪ پاس شدند,100%,🟢 کامل شده
DIR-20,فاز ۲۰ - تولید گزارش‌های کامل,ساخت گزارش‌های تکست و جدول‌های گوگل شیت درصد پیشرفت,۴ فایل گزارش تخصصی و عمومی در پوشه گزارش‌ها ذخیره شد,100%,🟢 کامل شده
