Task ID,Module / Phase,Instruction Summary,Completion %,Status,Visual Progress
IBO-01,Part 1-2: Core Infrastructure,Initialize backend server database and event bus,100%,COMPLETE,█████
IBO-02,Part 3: Global Growth & SEO,Implement context resolution and locale separation,100%,COMPLETE,█████
IBO-03,Part 4: Control Center & QA,Build admin dashboard timezone logic and viewports,100%,COMPLETE,█████
IBO-04,Part 5: AI Coding Workers,Integrate coding agents workspace lock risk gates,100%,COMPLETE,█████
IBO-05,Part 6: Knowledge RAG,Develop vector search chunking and embeddings,100%,COMPLETE,█████
IBO-06,Part 7: Task Graph Engine,Implement DAG execution lease reclamation deadlocks,100%,COMPLETE,█████
IBO-07,Part 8: Multi-Agent Collaboration,Create agent registry delegation and handoffs,100%,COMPLETE,█████
IBO-08,Part 9: Zero-Trust Security,Deploy policy engine risk mapping secret scrubber,100%,COMPLETE,█████
IBO-09,Part 10: Runtime Resilience,Enable structured logging auto-recovery safe mode,100%,COMPLETE,█████
IBO-10,Part 11: Quality Engineering,Establish test registry flaky quarantine scorecard,100%,COMPLETE,█████
IBO-11,Part 12: CEO Control Plane,Create executive dashboard break-glass sessions,100%,COMPLETE,█████
IBO-12,Part 13: Integration & Reconciliation,Validate event contract idempotency bus n8n coherence,100%,COMPLETE,█████
IBO-13,Part 14: Production Release,Implement release candidates rollback rehearsal,100%,COMPLETE,█████
IBO-14,Part 15: Data Gov & DR,Build PII isolation backup restoration verification,100%,COMPLETE,█████
IBO-15,Part 16: Product Analytics,Integrate KPI dictionary consent guard A/B tests,100%,COMPLETE,█████
IBO-16,Part 17: Multilingual Content,Develop SEO metadata generator RTL optimizers,100%,COMPLETE,█████
IBO-17,Part 18: Billing & Subscriptions,Build billing logic HMAC security financial audits,100%,COMPLETE,█████
IBO-18,Part 19: Mobile Delivery,Ensure PWA/Native parity deep links store readiness,100%,COMPLETE,█████
IBO-19,Part 20: Autonomous OS,Converge ecosystem chaos engineering master audit,100%,COMPLETE,█████
IBO-20,Reporting & Summaries,Generate all required tracker files and visual reports,100%,COMPLETE,█████
